Изображения;Название;Артикул;Цена;Валюта;Наличие;Категория;URL;Описание;PEGI;Platform;Release;Publisher;Genres;Rating;Voice;Screen Languages;Старая цена;PS5 Voice;PS5 Screen Languages;PS4 Voice;PS4 Screen Languages
https://image.api.playstation.com/vulcan/ap/rnd/202601/3021/b40ae7e4076a3249909d2623f1e8981bcea17e8eb51c27f1.png;WWE 2K26 Monday Night War Edition;UP1001-PPSA34299_00-WWE2K26MONNWEDIT;7259;INR;Да;Deals;https://store.playstation.com/en-in/product/UP1001-PPSA34299_00-WWE2K26MONNWEDIT;"EXPERIENCE THE RIVALRY THAT CHANGED IT ALL<br><br>Reignite the rivalry between Monday Night Raw and WCW Monday Nitro with the WWE 2K26<br>Monday Night War Edition, the ultimate package stacked with legendary Superstars, classic arenas, and more.<br><br>THE SHOW NEVER STOPS<br><br>Run the world’s greatest show your way and live out your WWE fandom to the fullest. Experience the most expansive gameplay to date with rebellious Legends of the Attitude Era and Superstars of today.<br><br>MORE SUPERSTARS THAN EVER BEFORE<br><br>WWE 2K26 boasts the largest roster in franchise history, featuring over 400 playable WWE Superstars and Legends from the 80s, Attitude Era, Ruthless Aggression Era, and today, such as The Rock, Triple H, John Cena, Rhea Ripley, and newer additions like Rey F_nix, Rusev, and Blake Monroe.<br><br>NEW MATCH TYPES AND MORE<br><br>Bring the chaos to every corner of the ring with new match types, including I Quit, Inferno, and Dumpster. Stack tables and experience larger playable spaces. Additional features include interactive entrances and the addition of Booker T and Wade Barrett to the commentary team..<br><br>A BEST IN THE WORLD 2K SHOWCASE<br><br>Progress through CM Punk’s story, spanning multiple decades of WWE history. Relive CM Punk’s rivalries and explore a world where Punk never left, including fantasy historical scenarios. Punk’s rise, rebellion, and return make this the most personal Showcase yet.<br><br>CONTROL YOUR UNIVERSE<br><br>The WWE Draft finally arrives in WWE 2K’s sandbox mode, Universe, in WWE 2K26. Create your own WWE Universe where you control weekly shows and PLEs, Superstar rivalries, and outcomes. Other new introductions include the new Universe Creation Wizard, Watch Show mode, improved Money in the Bank cash-ins, and additional Promo types.";PEGI 16;PS5;5/3/2026;2K;Sport;3.74;English;Arabic, English, French (France), German, Italian, Spanish;10999;;;;
https://image.api.playstation.com/vulcan/ap/rnd/202606/0422/53801cdd686d9fd46adb483851ac50753851ab6d4e6e1db1.png;EA SPORTS FC™ 26 Standard Edition PS4 & PS5;UP0006-PPSA27360_00-26STANDARDBUNDLE;999;INR;Да;Deals;https://store.playstation.com/en-in/product/UP0006-PPSA27360_00-26STANDARDBUNDLE;EA SPORTS FC™ 26 Standard Edition includes PS4 & PS5 games†.<br><br>The Club is Yours in EA SPORTS FC™ 26.<br><br>Experience The World’s Game like never before in EA SPORTS FC™ 26. The latest update introduces a brand-new international tournament mode featuring 48 national teams, alongside new authentic stadiums to play in. Take on international-themed Manager Live Challenges, and step into Player Career with new international ICONs and Heroes.<br>Play your way with an overhauled gameplay experience shaped by community feedback, Manager Live Challenges that deliver fresh scenarios throughout the season, and new Archetypes inspired by greats of the game.<br><br>Put your dream squad to the test in Football Ultimate Team™ with new Live Events and Tournament modes, as well as a refreshed Rivals and Champs experience.<br>Experience The World’s Game like never before in EA SPORTS FC™ 26, with match data from the world’s top leagues powering 20,000+ authentic players.<br><br>This game includes optional in-game purchases of virtual currency that can be used to acquire virtual in-game items, including a random selection of virtual in-game items.;PEGI 3;PS4, PS5;25/9/2025;EA Swiss Sarl;Sport;3.35;;;4999;English, French (France);Arabic, Chinese (Simplified), Chinese (Traditional), Czech, Danish, Dutch, English, French (France), German, Italian, Japanese, Korean, Norwegian, Polish, Portuguese (Brazil), Portuguese (Portugal), Russian, Spanish, Spanish (Mexico), Swedish, Turkish;Arabic, Chinese, Dutch, English, French (France), German, Italian, Japanese, Korean, Polish, Portuguese (Brazil), Spanish, Spanish (Mexico);Arabic, Chinese (Simplified), Chinese (Traditional), Czech, Danish, Dutch, English, French (France), German, Italian, Japanese, Korean, Norwegian, Polish, Portuguese (Brazil), Portuguese (Portugal), Russian, Spanish, Spanish (Mexico), Swedish, Turkish
https://image.api.playstation.com/vulcan/ap/rnd/202507/2917/3bcfe09c4fbb3890f6c45a5cf9464570e36f2b08770187a2.png;Battlefield™ 6 Phantom Edition;UP0006-PPSA19534_00-SANTIAGODELUXE00;4874;INR;Да;Deals;https://store.playstation.com/en-in/product/UP0006-PPSA19534_00-SANTIAGODELUXE00;Get the Battlefield™ 6 Phantom Edition** and receive:<br><br>• Battlefield Pro Token<br>• The Phantom Pack, featuring:<br>_ - Phantom Squad: 4 Soldier Skins<br>_ - 2 Weapon Packages<br>_ - Melee Knife Weapon Skin<br>_ - Vehicle Skin<br>_ - Weapon Sticker<br>_ - Weapon Charm<br>_ - Dog Tag<br>• Phantom XP Boost Set<br><br>The ultimate all-out warfare experience. Fight in high-intensity infantry combat. Rip through the skies in aerial dogfights. Demolish your environment for a strategic advantage. Harness complete control over every action and movement using the Kinesthetic Combat System. In a war of tanks, fighter jets, and massive combat arsenals—the deadliest weapon is your squad. This is Battlefield 6.<br><br>This game includes optional in-game purchases of virtual currency that can be used to acquire virtual in-game items.;PEGI 16;PS5;10/10/2025;EA Swiss Sarl;Shooter;4.07;Chinese, English, French (France), German, Italian, Japanese, Korean, Polish, Spanish;Chinese (Simplified), English, French (France), German, Italian, Japanese, Korean, Polish, Spanish;7499;;;;
https://image.api.playstation.com/vulcan/ap/rnd/202505/2608/ebb28e14f8f0278f4237c7296eb8d80753fa110f7a65e47b.png;Lies of P: Overture Bundle;EP1672-PPSA10621_00-0249329744581606;3704;INR;Да;Deals;https://store.playstation.com/en-in/product/EP1672-PPSA10621_00-0249329744581606;This bundle entitles players to Lies of P base game and Overture DLC for both PS4 and PS5.<br><br>ABOUT LIES OF P<br><br>Lies of P is a thrilling soulslike that takes the story of Pinocchio, turns it on its head, and sets it against the darkly elegant backdrop of the Belle Epoque.<br><br>You are a puppet created by Geppetto who’s caught in a web of lies with unimaginable monsters and untrustworthy figures standing between you and the events that have befallen the world of Lies of P.<br><br>You are awakened by a mysterious voice that guides you through the plagued city of Krat - a once lively place that has been poisoned by madness and bloodlust. In our soulslike, you must adapt yourself and your weapons to face untold horrors, untangle the unfathomable secrets of the city’s elites and choose whether to confront predicaments with the truth or weave lies to overcome them on the journey to find yourself.<br><br>Confront the people who manipulate the strings of treachery that doomed Krat.<br><br>ABOUT LIES OF P: OVERTURE<br><br>Lies of P: Overture is a dramatic prequel to the acclaimed soulslike action RPG, Lies of P. It transports you to the city of Krat in its final days of haunting, late-19th-century Belle _poque beauty. On the brink of the Puppet Frenzy massacre, you follow a legendary Stalker—a mysterious guide—through untold stories and chilling secrets. As Geppetto’s deadly puppet, you’ll journey through Krat and its surroundings, uncover hidden backstories, and face epic battles that shape the past and future of Lies of P.<br><br>As Geppetto’s Puppet, you encounter a mysterious artifact that transports you back to Krat in its final days of grandeur. In the shadow of an impending tragedy, your mission is to explore the past and uncover its dark secrets—haunted by surprises, loss, and vengeance. The choices you make ripple through the past and present in the world of Lies of P, revealing hidden truths and leaving lasting consequences.<br><br>Embark on an unforgettable adventure where the symphony of steel clashes with the haunting melody of the unknown. Dare to unravel the mysteries of the past, for in the heart of darkness lies the key to unlocking the secrets of a timeless tale reborn.<br><br>“Geppetto’s puppet… We need your help.”;IARC 16+;PS4, PS5;6/6/2025;NEOWIZ;Action;4.53;English;Chinese (Simplified), Chinese (Traditional), English, French (France), German, Italian, Japanese, Korean, Polish, Portuguese (Brazil), Russian, Spanish;5699;;;;
https://image.api.playstation.com/cdn/UP1004/CUSA03041_00/3zDubiWo2X5WU18FGiwlsf4lKWb8MwkE.png;Red Dead Redemption 2: Ultimate Edition;EP1004-CUSA08519_00-RDR2ULTMEDTNBUND;1539;INR;Да;Deals;https://store.playstation.com/en-in/product/EP1004-CUSA08519_00-RDR2ULTMEDTNBUND;Includes Red Dead Redemption 2: Story Mode, Red Dead Online, plus all Special and Ultimate Edition content.<br><br>Winner of over 175 Game of the Year Awards and recipient of over 250 perfect scores, Red Dead Redemption 2 is an epic tale of honor and loyalty at the dawn of the modern age. <br><br>America, 1899. Arthur Morgan and the Van der Linde gang are outlaws on the run. With federal agents and the best bounty hunters in the nation massing on their heels, the gang must rob, steal and fight their way across the rugged heartland of America in order to survive. As deepening internal divisions threaten to tear the gang apart, Arthur must make a choice between his own ideals and loyalty to the gang who raised him.<br><br>Red Dead Redemption 2 also includes the shared living world of Red Dead Online – forge your own path as you battle lawmen, outlaw gangs and ferocious wild animals to build a life on the American frontier. Build a camp, ride solo or form a posse and explore everything from the snowy mountains in the North to the swamps of the South, from remote outposts to busy farms and bustling towns. Chase down bounties, hunt, fish and trade, search for exotic treasures, run your own underground Moonshine distillery, or become a Naturalist to learn the secrets of the animal kingdom and much more in a world of astounding depth and detail.<br><br>The Red Dead Redemption 2: Ultimate Edition delivers all of the Story Mode content from the Special Edition plus additional bonuses for Red Dead Online.<br><br>Exclusive Story Mode content includes:<br>• Bank Robbery Mission & Gang Hideout<br>• Dappled Black Thoroughbred<br>• Talisman & Medallion Gameplay Bonuses<br>• Gameplay Boosts, Cash Bonuses & Discounts<br>• The Nuevo Paraiso Gunslinger Outfit<br><br>Red Dead Online content includes:<br>• Bonus Outfits <br>• Rank Bonuses<br>• Black Chestnut Thoroughbred<br>• Free access to the Survivor Camp Theme <br><br>Plus get free access to Additional Weapons in both Story Mode and Red Dead Online.;PEGI 18;PS4;28/10/2018;Rockstar Games;Adventure, Action;;English;Chinese (Simplified), Chinese (Traditional), English, French (France), German, Italian, Korean, Polish, Portuguese (Brazil), Russian, Spanish, Spanish (Mexico);7699;;;;
https://image.api.playstation.com/vulcan/ap/rnd/202410/0809/8ceccd3508dd6838d5b905a9e75fab8b98754c7837487fb3.png;The Wandering Village PS4 & PS5;JP6400-PPSA24938_00-0605130831842075;1747;INR;Да;Deals;https://store.playstation.com/en-in/product/JP6400-PPSA24938_00-0605130831842075;In a world where mysterious plants are spreading all over the earth, emitting toxic spores as they grow, a small group of survivors seeks shelter on the back of a giant, wandering creature they call 'Onbu'.<br>Become their leader, build their settlement and form a symbiotic relationship with Onbu to survive together in this hostile, yet beautiful post-apocalyptic world.<br><br>Build your village<br>A functioning village is the basis of your survival. Build your settlement and expand it over Onbu’s back. Plan production chains and optimise them to utilise the limited space as efficiently as possible. Create a society that can overcome any challenge.<br><br>Live on the creature’s back<br>Living on the back of another organism comes with its own set of challenges. Will you live in symbiosis, bond with Onbu and survive on mutual trust? Or will you become a parasite, only aiming to ensure a better life for your villagers? The choice is yours.<br><br>Discover different biomes<br>Continuously adapt your village as you travel through a multitude of different biomes, each with its unique climate zones, opportunities and threats. Scout your environments and send out foraging missions to gather rare resources and ancient artefacts.<br><br>Research new technologies<br>Remnants of the old world hold knowledge that has long been forgotten, but can be unearthed by your villagers. Find and research these technologies, but use them wisely, as progress can be a double-edged sword.<br><br>Survive the wastelands<br>Ensure the survival of both your villagers and your Onbu, even though poisonous spores, merciless weather, bloodsucking parasites and many more challenges mean that the odds are often stacked against you.;IARC 3+;PS4, PS5;17/7/2025;Stray Fawn GmbH;Strategy, Simulation;4.54;English;Chinese (Simplified), Chinese (Traditional), English, French (France), German, Italian, Japanese, Korean, Polish, Portuguese (Brazil), Russian, Spanish, Turkish;2497;;;;
https://image.api.playstation.com/vulcan/ap/rnd/202206/0720/YtVQxeryHysv6WmGGAaIZnx5.png;Cuphead & The Delicious Last Course;EP8254-CUSA20469_00-4979936889641357;1348;INR;Да;Deals;https://store.playstation.com/en-in/product/EP8254-CUSA20469_00-4979936889641357;Cuphead & The Delicious Last Course is a bundle containing the original Cuphead adventure, and the follow-up expansion The Delicious Last Course.<br><br>In Cuphead, players battle screen-filling bosses in a run and gun action experience inspired by cartoons of the 1930s. Play as Cuphead or Mugman (in single player or local co-op) as you traverse strange worlds, acquire new weapons, learn powerful super moves, and discover hidden secrets while you try to pay your debt back to the devil!<br><br>In The Delicious Last Course, Cuphead and Mugman are joined by Ms. Chalice for a DLC add-on adventure on a brand new island! With new weapons, new charms, and Ms. Chalice’s brand new abilities, take on a new cast of wacky, transforming bosses to assist the jolly Chef Saltbaker in Cuphead’s final challenging quest.<br><br>Both titles contain visuals and audio created with the authentic techniques of the era they were inspired by, including traditional hand drawn cel animation, watercolor backgrounds, and hours of original jazz recordings!<br><br>Note: The Delicious Last Course can be experienced shortly after beginning the original Cuphead game, and Ms. Chalice can be enjoyed as a playable character in all stages once unlocked!;IARC 7+;PS4;30/6/2022;StudioMDHR Entertainment;Action;4.5;;Chinese (Simplified), Chinese (Traditional), English, French (France), German, Italian, Japanese, Korean, Polish, Portuguese (Brazil), Russian, Spanish, Spanish (Mexico);2247;;;;
https://image.api.playstation.com/vulcan/ap/rnd/202308/3005/6de6b1c4b0c475b5c28fd2011655ab8206ed846926fa1671.png;FINAL FANTASY VII REBIRTH;EP0082-PPSA08668_00-0783148264580163;1399;INR;Да;Deals;https://store.playstation.com/en-in/product/EP0082-PPSA08668_00-0783148264580163;_ FINAL FANTASY VII REBIRTH Digital Deluxe Edition, which includes FINAL FANTASY VII REBIRTH and digital content, is also available for purchase. Please be mindful of duplicate purchases.<br><br>The Unknown Journey Continues...<br><br>After escaping from the dystopian city of Midgar, Cloud and his friends set out on a journey across the planet. New adventures await in a vibrant and vast world – sprint across grassy plains on a Chocobo and explore expansive environments.<br><br>An Expansive World<br><br>As the party searches for Sephiroth, you will explore the beautiful, expansive regions of the world and open up new areas to discover. Dig deeper into the world of FINAL FANTASY VII with rewarding side content and mini-games, plus various unique forms of transportation to navigate the world.<br><br>An Evolved Battle System <br><br>Combine strategic thinking with thrilling action combat alongside your comrades, including newly added characters. Deepen their relationships to unleash powerful team-based combos .<br><br>Beyond the Walls of Fate<br><br>In this standalone adventure for fans and newcomers, Cloud and his comrades venture across the planet, their fates unwritten, making each step outside the dystopian city of Midgar fresh and mysterious. <br><br>--------<br>FINAL FANTASY VII REBIRTH is the highly anticipated new story in the FINAL FANTASY VII remake project, a reimagining of the iconic original game into three standalone titles by its original creators. In this game, players will enjoy various new elements as the story unfolds, culminating in the party’s journey to “The Forgotten Capital” from the original FINAL FANTASY VII.<br>----------------<br>Those who own save data* from the following titles will be eligible to receive this special offer.<br>”FINAL FANTASY VII REMAKE” (PS4 / PS5)<br>• Summon Materia: Leviathan<br>FINAL FANTASY VII REMAKE EPISODE INTERmission<br>• Summon Materia: Ramuh<br>*Save data must be saved on the PS5 console.<br>--------------<br>FINAL FANTASY VII REBIRTH Supported Languages:<br>• Voice: Japanese, English, French, German <br>• Subtitles: Japanese, English, French, German, Italian, Spanish, Brazilian Portuguese, Latin American Spanish;PEGI 16;PS5;28/2/2024;Square Enix LTD;Role Playing Games;4.67;English, French (France), German, Japanese;English, French (France), German, Italian, Japanese, Portuguese (Brazil), Spanish, Spanish (Mexico);3499;;;;
https://image.api.playstation.com/vulcan/ap/rnd/202008/1423/s9nv5WsKbjbWLKMHnd4UZo1O.png;Marvel's Spider-Man: Miles Morales Ultimate Edition;EP9000-PPSA01417_00-MARVELSSMMDDE000;2499;INR;Да;Deals;https://store.playstation.com/en-in/product/EP9000-PPSA01417_00-MARVELSSMMDDE000;Discover the complete web-slinging story with the Marvel's Spider-Man: Miles Morales Ultimate Edition. This unmissable bundle includes Marvel's Spider-Man Remastered (for PS5™) – the complete award-winning game, including all three chapters in the Marvel's Spider-Man: The City That Never Sleeps adventure – remastered and enhanced for the PS5™ system.<br><br>Ultimate Edition includes:<br>- Marvel's Spider-Man: Miles Morales (PS4™ and PS5™)<br>- Marvel's Spider-Man Remastered (PS5™)<br><br>If you already own the PS4™ version of Marvel's Spider-Man: Miles Morales, you can get the PS5™ digital version at no extra cost and you do not need to purchase this product. Owners of a PS4™ disc copy must insert it into the PS5™ every time they want to download or play the PS5™ digital version. PS4™ game disc owners who buy the PS5™ Digital Edition disc-free console will not be able to get the PS5™ version at no extra cost.;PEGI 16;PS4, PS5;11/11/2020;Sony Interactive Entertainment;Action;4.53;English, French (France), German, Italian;Czech, Danish, Dutch, English, Finnish, French (France), German, Greek, Hungarian, Italian, Norwegian, Swedish;4999;;;;
https://image.api.playstation.com/vulcan/img/rnd/202010/0617/IyQxwa0g5juCEUla4YWzQqkF.png;Wolfenstein: Alt History Collection;EP1003-CUSA13094_00-WOLFALTHISTORYRP;799;INR;Да;Deals;https://store.playstation.com/en-in/product/EP1003-CUSA13094_00-WOLFALTHISTORYRP;The Wolfenstein Alt History Collection takes players on an epic adventure through a grim alternate history where Nazis have achieved global domination. Shoot, stab, and kill your way through the Nazi ranks in four critically acclaimed games in the Wolfenstein franchise. <br><br>This collection contains Wolfenstein: The New Order, Wolfenstein: The Old Blood, Wolfenstein II: The New Colossus, and the co-op Wolfenstein: Youngblood.<br><br>The Alt History Collection lets you experience a sprawling interconnected narrative that spans more than three decades of action-packed Nazi killing and unforgettable characters. From war torn Europe in the 1940s, to 1960s Nazi-occupied America, to the fascist infested streets of 1980s Paris – strap in for a heart-pounding adventure as you forge new alliances and rally fighters to push back the Nazi war machine.;PEGI 18;PS4;29/6/2020;Bethesda;Action;3.72;English, French (France), Italian, Russian, Spanish;English, French (France), Italian, Polish, Russian, Spanish;3999;;;;
https://image.api.playstation.com/vulcan/img/rnd/202011/0711/p8JCvA8692BICXAPoyylh7ed.png;God of War® III Remastered;EP9000-CUSA01715_00-0000GODOFWAR3PS4;749;INR;Да;Deals;https://store.playstation.com/en-in/product/EP9000-CUSA01715_00-0000GODOFWAR3PS4;In the end, there will be only chaos<br>Take on the fearless role of Kratos, the ex-Spartan warrior, as he unleashes chaos on the gods who have betrayed him. Rise from the depths of Hades to the heights of Mount Olympus in a final bid for bloody vengeance.<br><br>This closing chapter of the God of War® trilogy is easily one of the greatest gaming spectacles in PlayStation® history, perfect for anyone who wants to relive the action in stunning 1080p, or for those who may have missed out first time round.<br><br>And with the brand new photo mode, you can now freeze the jaw-dropping action to edit, save and share photos – right from the heart of the carnage.<br><br>• All previous DLC costumes and content included.;PEGI 18;PS4;14/7/2015;Sony Interactive Entertainment;Action, Adventure;4.71;Dutch, English, French (France), German, Italian, Polish, Portuguese (Portugal), Russian, Spanish;Dutch, English, French (France), German, Italian, Polish, Portuguese (Portugal), Russian, Spanish;1499;;;;
https://image.api.playstation.com/vulcan/img/rnd/202112/0209/eTNAclmYfZEjX0OGqdl0CL0k.png;Heavenly Bodies;EP8198-PPSA02575_00-6092745508330153;594;INR;Да;Deals;https://store.playstation.com/en-in/product/EP8198-PPSA02575_00-6092745508330153;Discover the ever-changing nuances of weightless motion in this challenging physics game. Wrangle control of your cosmonaut’s arms with the left and right thumbsticks to push, pull, and clamber through fully physically simulated scenarios aboard a scientific research station.<br><br>You have been entrusted to bring into operation Earth’s proudest feat of engineering. With only radio contact with mission control as your aid, you will have to use your sharp mind and dexterous limbs to assemble space telescopes, maintain delicate solar arrays and research cosmic botany. But without gravity, nothing is still, nothing is secure, and nothing is simple.<br><br>Features:<br>_ A collection of stellar scenarios inspired by the feats of space explorers and researchers throughout history<br>_ Play single player or with a friend via local-coop. You'll be able to play missions either solo or with a space friend<br>_ Play online using PlayStation™Network Share Play<br>_ Expressively control every limb of a weightless cosmonaut to perform challenging and delicate maneuvers<br>_ Manipulate incredibly expensive space vehicles and elaborate machinery<br>_ Stylised 70s visual aesthetic influenced by archival space photography and technical illustration<br>_ Customisable control mode difficulty<br>_ Rebindable controls;IARC 3+;PS4, PS5;7/12/2021;Team 17 Digital LTD;Adventure, Unique;4.16;;Arabic, Chinese (Simplified), Chinese (Traditional), English, French (France), German, Italian, Japanese, Korean, Portuguese (Brazil), Russian, Spanish, Spanish (Mexico);1748;;;;
https://image.api.playstation.com/vulcan/ap/rnd/202206/0311/FdHxlCm3nO7QFzx8Nqlefyaz.png;RACCOON CITY EDITION;EP0102-PPSA03953_00-BHB0000000000002;699;INR;Да;Deals;https://store.playstation.com/en-in/product/EP0102-PPSA03953_00-BHB0000000000002;Note: When upgrading the content in this bundle, each item must be upgraded on an individual basis.<br><br>Note: Resident Evil Resistance is not eligible for an upgrade.<br><br>Two classic survival horror games reimagined and brought together in one unbelievable package. Play as Jill Valentine as she attempts to escape Raccoon City in Resident Evil 3. Or take control of Leon and Claire in 2019's award-winning Resident Evil 2. This amazing bundle also comes with the 4v1online multiplayer game Resident Evil Resistance (PS4™ version).;PEGI 18;PS4, PS5;13/6/2022;CE EUROPE LIMITED;Adventure, Action;4.41;English, French (France), German, Italian, Japanese, Spanish;Arabic, English, French (France), German, Italian, Japanese, Polish, Portuguese (Brazil), Russian, Spanish, Spanish (Mexico), Thai;3499;;;;
https://image.api.playstation.com/vulcan/ap/rnd/202009/2818/FuG72QFUf4aRYbSBAMNH2xwm.png;The Elder Scrolls V: Skyrim Special Edition - PS5 & PS4;EP1003-PPSA03747_00-TESVSKYRIM000000;624;INR;Да;Deals;https://store.playstation.com/en-in/product/EP1003-PPSA03747_00-TESVSKYRIM000000;"This product entitles you to download both the digital PS4™ version and the digital PS5™ version of this game.<br><br>Winner of more than 200 Game of the Year Awards, The Elder Scrolls V: Skyrim Special Edition brings the epic fantasy to life in stunning detail. Skyrim Special Edition includes the critically acclaimed game and add-ons plus all-new features like remastered art and effects, volumetric god rays, dynamic depth of field, screen-space reflections and more. <br><br>Skyrim Special Edition also brings the power of Bethesda Game Studios Creations to consoles. New quests, environments, characters, dialogue, armor, weapons and more – with Creations, there are no limits to what you can experience.<br><br>EPIC FANTASY REBORN<br>Skyrim reimagines and revolutionizes the open-world fantasy epic, bringing to life a complete virtual world open for you to explore any way you choose.<br><br>LIVE ANOTHER LIFE, IN ANOTHER WORLD<br>Play any type of character you can imagine, and do whatever you want; the legendary freedom of choice, storytelling, and adventure of The Elder Scrolls is realized like never before.<br><br>YOU ARE WHAT YOU PLAY<br>Choose from hundreds of weapons, spells, and abilities. The new character system allows you to play any way you want and define yourself through your actions.<br><br>BATTLE DRAGONS<br>Battle ancient dragons like you’ve never seen. As Dragonborn, learn their secrets and harness their power for yourself.<br><br>If you already own the PS4™ version of this game, you can get the PS5™ digital version at no extra cost and you do not need to purchase this product. Owners of a PS4™ disc copy must insert it into the PS5™ every time they want to download or play the PS5™ digital version. PS4™ game disc owners who buy the PS5™ Digital Edition disc-free console will not be able to get the PS5™ version at no extra cost.";PEGI 18;PS4, PS5;11/11/2021;Bethesda;Role Playing Games, Action;4.74;English, French (France), German, Italian, Polish, Russian, Spanish;English, French (France), German, Italian, Polish, Russian, Spanish;2499;;;;
https://image.api.playstation.com/vulcan/ap/rnd/202504/2810/562904966c409d91f81126b8b6157097c4534ed449d26183.png;Aces of Thunder - Deluxe Edition;EP4432-PPSA13699_00-EAT0020000000000;2705;INR;Да;Deals;https://store.playstation.com/en-in/product/EP4432-PPSA13699_00-EAT0020000000000;Experience the thrill of aerial combat like never before with Aces of Thunder, the ultimate flight simulation game with high fidelity graphics and unmatched immersion. The game was made specifically with capabilities of latest generation VR helmets in mind.<br><br>This Deluxe Edition bundle also includes:<br>- Spitfire Mk Ia Pack<br>- P-40E-1 Pack<br>- SBD-3 Pack<br>- Hurricane Mk IV Pack<br>- F4U-4 Pack<br><br>The game's physically accurate flight and damage models derived from the popular War Thunder military action game ensure a high level of realism. The battles take place exclusively from the cockpit view to provide ultimate immersion and fully supports HOTAS controls. Aces of Thunder features a set of the most legendary WW1 & WW2 aircraft available to hop in and fly right upon purchase.<br><br>Perfect selection of WW2 aircraft<br>Fly 20+ carefully recreated iconic aircraft of World War II, such as the American P-51 Mustang and P-63 Kingcobra, the German Bf 109 and Fw 190, the Soviet Il-2 and Yak-9T, the British Spitfire and the Japanese A6M3 Zero.<br><br>A rare chance to fly Great War machines<br>Iconic fighters like the Fokker Dr.I, famously flown by the Red Baron himself, or the SPAD S.XIII, the favorite aircraft of Ren_ Fonck, Allies’ most decorated ace, will have authentically detailed cockpits and historically accurate weaponry.<br><br>All key theaters of war<br>Aces of Thunder battles will see you fighting across the world and getting a better idea of where the fate of war was decided. Visit 15 beautiful maps representing three key theaters of World War II: Western, Eastern and Pacific Fronts, as well as signature World War I frontlines. <br><br>Intense dogfighting<br>Fight online against the best virtual pilots from all over the world in multiplayer mode, or master your aircraft in exciting single player missions. <br><br>Full immersion<br>Jump right into one of the highly detailed interactive cockpits, literally controlling the aircraft with your own hands! Aces of Thunder will also allow you to walk around the hangar between missions to get a closer look at your favorite aircraft.;IARC 12+;PS5;3/2/2026;Gaijin Distribution KFT;Simulation;3.83;English;English, French (France), German, Italian, Spanish;4162;;;;
https://image.api.playstation.com/vulcan/img/rnd/202011/1101/zC3kulm2Ho3ZE38ZUYHW7WMK.png;Uncharted™: The Nathan Drake Collection;EP9000-CUSA02343_00-UNCHARTEDTRILOGY;449;INR;Да;Deals;https://store.playstation.com/en-in/product/EP9000-CUSA02343_00-UNCHARTEDTRILOGY;Experience one of the most revered game series of all time as you follow the perilous journey of Nathan Drake across the globe, from humble beginnings to extraordinary discoveries. <br><br>Meet an unforgettable cast of characters as Drake puts life and friendship on the line in a race against ruthless enemies to uncover unimaginable treasures.<br><br>Uncharted™: The Nathan Drake Collection includes the single-player campaigns only for Uncharted: Drake’s Fortune™, Uncharted 2: Among Thieves™, and Uncharted 3: Drake’s Deception™.<br><br>You will also gain access to the multiplayer beta for the upcoming Uncharted 4™: A Thief’s End, available from 4 – 13 December*. You can find more information on downloading the beta from unchartedthegame.com. <br><br>* A paid for PlayStation Plus subscription, Sony Entertainment Network account and broadband internet required;PEGI 16;PS4;6/10/2015;Sony Interactive Entertainment;Action, Adventure;4.62;Dutch, English, French (France), German, Italian;Danish, Dutch, English, Finnish, French (France), German, Italian, Norwegian, Swedish;1499;;;;
https://image.api.playstation.com/vulcan/ap/rnd/202505/2009/936e8ddd93d816ad2a81b40269ae8bf0e42d1771b0e5db79.png;Hellblade II: Senua’s Saga;EP6311-PPSA25991_00-0714721000209651;2199;INR;Да;Deals;https://store.playstation.com/en-in/product/EP6311-PPSA25991_00-0714721000209651;The sequel to the award winning Hellblade: Senua’s Sacrifice, Senua returns in a brutal journey of survival through the myth and torment of Viking Iceland. Intent on saving those who have fallen victim to the horrors of tyranny, Senua faces a battle of overcoming the darkness within and without. <br>Hellblade II: Senua’s Saga arrives optimized for PlayStation 5, and PS5 Pro Enhanced, with added features and immersive haptic feedback for new ways to experience the award-winning and critically acclaimed next chapter of Senua’s story.<br><br>SENUA’S STORY CONTINUES<br>Senua returns in a brutal journey of survival through the myth and torment of Viking Iceland.<br><br>A CRAFTED EXPERIENCE OF CINEMATIC IMMERSION<br>Sink deep into Senua’s world and story, with beautifully realized visuals and encapsulating sound.<br><br>SENUA’S UNIQUE PERSPECTIVE<br>Experience the world through Senua’s eyes and ears, as a Celtic warrior who experiences psychosis.<br><br>JOURNEY INTO VIKING ICELAND<br>An epic journey across 10th century Iceland, recreated from real locations in stunning detail.<br><br>EVERY FIGHT TELLS A STORY<br>Brutal and visceral combat as Senua battles for survival.<br><br>AWARD-WINNING EXPERIENCE<br>Critically acclaimed winner at The Game Awards, 2025 BAFTA Games Awards and many more.;IARC 18+;PS5;12/8/2025;Microsoft Corporation;Action;4.49;English;Arabic, Chinese (Simplified), Chinese (Traditional), Czech, Danish, Dutch, English, Finnish, French (France), German, Greek, Hungarian, Italian, Japanese, Korean, Norwegian, Polish, Portuguese (Brazil), Portuguese (Portugal), Russian, Spanish, Spanish (Mexico), Swedish, Turkish, Ukrainian;4399;;;;
https://image.api.playstation.com/vulcan/ap/rnd/202409/1920/c829d36fe8c8cabe82aa1664cf94abdf3de059dd3eff9b6a.png;Mortal Kombat™ 1: Khaos Reigns Expansion;EP1018-PPSA07571_00-MKONEKR000EXPANS;832;INR;Да;Deals;https://store.playstation.com/en-in/product/EP1018-PPSA07571_00-MKONEKR000EXPANS;A New Reign of Khaos unfolds in Liu Kang's Era. This pack includes the upcoming Story Expansion + Kombat Pack 2*.<br><br>Noob Saibot<br>Cyrax<br>Sektor<br>Ghostface (Scream Franchise)<br>T-1000 (Terminator 2)<br>Conan the Barbarian<br><br>Madam Bo Kameo Fighter<br><br>*Separate Kombat Pack 2 character bundle not available;PEGI 18;PS5;24/9/2024;WARNER BROS. INTERACTIVE;Fighting;3.94;;;4162;;;;
https://image.api.playstation.com/vulcan/ap/rnd/202508/2119/8c163e488e9e46b842889e773a8d6807b52f9d0e00b05652.png;Call of Duty®: Black Ops 7 - Cross-Gen Bundle;EP0002-PPSA07950_00-CODBO7CROSSGEN01;2999;INR;Да;Deals;https://store.playstation.com/en-in/product/EP0002-PPSA07950_00-CODBO7CROSSGEN01;Includes:<br><br>- Cross-Gen Bundle of Call of Duty®: Black Ops 7<br>-- Includes PS5® and PS4® versions of the game<br><br>In Call of Duty®: Black Ops 7, Treyarch and Raven Software are bringing players the biggest Black Ops ever.<br><br>The year is 2035 and the world is on the brink of chaos, ravaged by violent conflict and psychological warfare. David Mason leads an elite team on a covert mission to the sprawling city of Avalon. While there, they discover a sophisticated plot that won’t just plunge the world into chaos, it will pull them into their own haunting pasts.<br><br>Squad up or go solo in an innovative Co-Op Campaign that redefines the Black Ops experience.<br><br>Multiplayer explodes out of the gate with 16 electrifying 6v6 maps and two 20v20 maps at launch. Master a cutting-edge arsenal and outmanoeuvre your enemies with a next level Omnimovement system.<br><br>In Treyarch’s legendary Round-Based Zombies mode, the nightmare begins where reality ends. Trapped in the heart of the Dark Aether, the crew is thrust into a vast, ever-shifting hellscape in the biggest Round-Based Zombies map in Black Ops history.;IARC 18+;PS4, PS5;13/11/2025;Activision Blizzard Int'l BV;Action;3.91;English, French (France), German, Italian, Spanish;English, French (France), German, Italian, Polish, Russian, Spanish;5999;;;;
https://image.api.playstation.com/vulcan/ap/rnd/202010/0605/s9anMLJErDUXJTbBOoKSiqiv.png;Wolfenstein: Youngblood;EP1003-CUSA13094_00-YNGBLD0000000000;374;INR;Да;Deals;https://store.playstation.com/en-in/product/EP1003-CUSA13094_00-YNGBLD0000000000;Version includes English, French, Italian, Spanish, Polish, Russian.<br><br>Wolfenstein: Youngblood is the first modern co-op Wolfenstein adventure.<br><br>Nineteen years after the events of Wolfenstein II, BJ Blazckowicz has disappeared after a mission into Nazi-occupied Paris. Now, after years of training from their battle-hardened father, BJ’s twin daughters, Jess and Soph Blazkowicz, are forced into action.<br><br>Team up with a friend or play alone. Level up, explore, and complete missions to unlock new abilities, weapons, gadgets, cosmetics, and more to complement your playstyle and customize your appearance.<br><br>Wolfenstein: Youngblood features the most open-ended Wolfenstein experience to date. From a new base of operations located deep in the heart of the Paris catacombs, plan how and when to attack and dismantle the Nazi regime.;PEGI 18;PS4;25/7/2019;Bethesda;Action, Shooter, Action;3.72;English, French (France), Italian, Russian, Spanish;English, French (France), Italian, Polish, Russian, Spanish;1499;;;;
https://image.api.playstation.com/vulcan/ap/rnd/202010/0813/TGIIghw30d2pJUuZDdKkni6O.png;Battlefield V Definitive Edition;EP0006-CUSA08670_00-BFVDEFINIEDITION;699;INR;Да;Deals;https://store.playstation.com/en-in/product/EP0006-CUSA08670_00-BFVDEFINIEDITION;This is the ultimate Battlefield V experience. Choose from the complete arsenal of weapons, vehicles, and gadgets and immerse yourself in the hard-fought battles of World War 2. Stand out on the battlefield with the complete roster of Elites and the best customization content of Year 1 and Year 2. <br><br>Battlefield V Definitive Edition contains the Battlefield V base game and the definitive collection of content:<br><br>- All gameplay content (weapons, vehicles, and gadgets) from launch, Year 1, and Year 2<br>- All Elites<br>- 84 immersive outfit variations for the British and German armies to enhance the WW2 sandbox<br>- 8 soldier outfits from Year 2<br>- 2 weapon skins from Year 2, applicable to 10 and 4 weapons respectively<br>- 3 vehicle dressings<br>- 33 Chapter Reward items from Year 1.;PEGI 16;PS4;22/10/2020;EA Swiss Sarl;Shooter, Unique, Action;4.04;Arabic, English, French (France), German, Italian, Polish, Russian, Spanish;Arabic, English, French (France), German, Italian, Polish, Russian, Spanish;3499;;;;
https://image.api.playstation.com/vulcan/ap/rnd/202603/0308/63ac1d0e60a2dc6f3536a94100dd02fa934ad4e792dbd862.png;Dying Light - Essentials Edition;EP1018-CUSA02010_00-DLCLASSICEDITION;283;INR;Да;Deals;https://store.playstation.com/en-in/product/EP1018-CUSA02010_00-DLCLASSICEDITION;IMPORTANT: Enjoy enhanced visuals, a remastered soundtrack, and graphical improvements with the Retouched Update — available for free to all Dying Light owners.<br><br>Dying Light Essentials Edition contains:<br>Dying Light (base game)<br>The Bozak Horde DLC<br>Cuisine & Cargo DLC<br>Ultimate Survivor Bundle<br>5th Anniversary Bundle<br>10th Anniversary Bundle<br>Harran Ranger Bundle<br>Gun Psycho Bundle<br>Volatile Hunter Bundle<br>Retrowave Bundle<br>Shu Warrior Bundle<br><br>From the creators of hit titles Dead Island and Call of Juarez. Winner of over 50 industry awards and nominations. The game whose uncompromising approach to gameplay set new standards for first-person zombie games. Thanks to its legacy and seven-year post-launch support, today it goes down in history as one of gaming's greatest zombie titles.<br>Survive in a city beset by a zombie virus! Discover the hard choice you will have to make on your secret mission. Will loyalty to your superiors prove stronger than the will to save the survivors? The choice is yours…<br><br>VAST OPEN WORLD<br>Roam the city with unprecedented freedom and bask in its unique atmosphere. Use parkour to scale every building and reach remote areas.<br><br>CREATIVE COMBAT<br>Engage in gory combat and discover limitless options to confront your enemies. Use the environment paired with various weapon types and abilities to gain an advantage.<br><br>DAY AND NIGHT CYCLE<br>Experience the dramatic shift in the world, as you change from a hunter to hunted at sundown. Face the coming threat or run away without wasting your time to look behind.<br><br>4-PLAYER CO-OP<br>Join forces with other players and raise your chances of survival in an exciting co-op mode. Tackle the story campaign together and see how far you'll go as a team.;PEGI 18;PS4;4/7/2025;WARNER BROS. INTERACTIVE;Horror, Action;4.64;English, French (France), German, Italian, Polish, Spanish;Chinese (Simplified), Chinese (Traditional), Dutch, English, French (France), German, Italian, Polish, Russian, Spanish, Turkish;1415;;;;
https://image.api.playstation.com/vulcan/ap/rnd/202207/2812/KzAaCdh4j91Ho1rrUBQw3boO.png;Sherlock Holmes The Awakened PS4 & PS5;EP5205-PPSA08069_00-SH3THEAWAKENEDUA;333;INR;Да;Deals;https://store.playstation.com/en-in/product/EP5205-PPSA08069_00-SH3THEAWAKENEDUA;Experience a nerve-racking Lovecraftian adventure, rebuilt from the ground up with modern graphics and gameplay. Become Sherlock Holmes, and find yourself at the heart of the terrifying Cthulhu Mythos as you investigate a series of mysterious disappearances in Europe and the US. <br>A Lovecraft meets Sherlock Holmes crossover, The Awakened puts you up against the legendary Cthulhu Mythos. Investigate a series of mysterious disappearances, apparently linked to a dark cult that worships an Ancient God. Whatever their plan is, you must put a stop to it… or face unspeakable consequences. <br>For the first time in his life, Sherlock is truly afraid. A man of rationale and reason, he faces an otherworldly entity that defies all logic, and this discovery is as enlightening as it is shattering. The pursuit of the truth pushes Sherlock to the verge of madness, and it’s the only story that Watson will never publish. <br>Taking place in 1882, The Awakened lifts the curtain on how Sherlock and John, mere roommates at the time, became the world-famous crime-solving duo.<br><br>Key pillars<br>- Investigate the Cthulhu Mythos as imagined by H.P. Lovecraft and face Eldritch horrors beyond human comprehension<br>- Fight encroaching insanity as you pursue answers to questions that have no rational explanation whatsoever<br>- Find clues that will lead you through the famous Baker Street in London, a haunting psych ward in Switzerland, the perilous Louisiana wetlands and more<br>- A reimagining of the 2008 title: Rebuilt from the ground up in Unreal Engine, The Awakened boasts modern graphics and animations, an expanded storyline, numerous side quests and new mechanics including unique insanity gameplay.;PEGI 16;PS4, PS5;11/4/2023;FROGWARES IRELAND LTD;Horror, Adventure;4.18;English;Arabic, Chinese (Simplified), Chinese (Traditional), Czech, English, French (France), German, Italian, Japanese, Korean, Polish, Portuguese (Brazil), Spanish, Turkish, Ukrainian;3330;;;;
https://image.api.playstation.com/vulcan/ap/rnd/202308/0214/b6aab4f9a6cf0940f15ecc4cdbe0de678e7d69eff632006d.png;Enotria: The Last Song - Deluxe edition;EP7780-PPSA20515_00-0377614319017269;1665;INR;Да;Deals;https://store.playstation.com/en-in/product/EP7780-PPSA20515_00-0377614319017269;Enotria: The Last Song is an Action RPG SoulsLike set in a fantasy world based off Italian folklore and culture.<br>It aims to take the genre in a new direction, with a vibrant and sun-lit world based off Italian summer where the gameplay allows you to alter the world & enemies in systemic ways.<br>It is defined as a Souls-Like but unlike other souls-likes we are depicting a world based off Italian summer colours, as we call it, ''Summer-Soul''.<br>The objective is to bring italian rich past and culture to the fore in a new way that is appealing to the broader public. <br>What we need to convey from the art direction is the colours, vibrancy and general feeling of visiting Italy.<br>Enotria: The Last Song wants to capture the heart & soul of souls-likes fanbase, with rewarding exploration, diverse player builds, varied enemy designs while giving a unique twist.<br>With Ardore, the player always has access to different strategies, allowing them to influence enemies behaviors, dynamically alter the world around them, solve puzzles & harness the very elements of Enotria.<br><br>Deluxe digital content: <br>ORIGINAL SOUNDTRACK EXTRACT <br>DIGITAL ARTBOOK EXTRACT;IARC 16+;PS5;16/9/2024;Jyamma Games Srl;Role Playing Games;3.36;English, Italian, Japanese;Chinese (Simplified), Chinese (Traditional), English, French (France), German, Italian, Japanese, Korean, Polish, Portuguese (Brazil), Russian, Spanish, Spanish (Mexico);3330;;;;
https://image.api.playstation.com/cdn/EP0001/CUSA04294_00/4SWTZZ2ZXqYC6aYF71kmtXkZuOPFCrB8.png;Watch Dogs®2;EP0001-CUSA04294_00-WD2FULLGAME00000;449;INR;Да;Deals;https://store.playstation.com/en-in/product/EP0001-CUSA04294_00-WD2FULLGAME00000;Try Watch_Dogs 2 for free! Play co-op or on your own in a vast open world where hacking is your ultimate weapon. <br><br><br>Play DLC Packs 30 days early on PlayStation®4.<br><br><br>Play as Marcus Holloway, a brilliant young hacker living in the birthplace of the tech revolution, the San Francisco Bay Area.<br>Team up with Dedsec, a notorious group of hackers, to execute the biggest hack in history take down ctOS 2.0, an invasive operating system being used by criminal masterminds to monitor and manipulate citizens on a massive scale.<br><br><br>· Explore the dynamic open-world, full of gameplay possibilities<br>· Hack into every connected device and take control of the city infrastructure.<br>· Develop different skills to suit your playstyle, and upgrade your hacker tools – RC cars, Quadcopter drone, 3D printed weapons and much more.<br>· Stay seamlessly connected to your friends with a brand new co-op and adversarial multiplayer Watch Dogs experience.;PEGI 18;PS4;5/1/2017;Ubisoft;Adventure, Action, Adventure;4.37;English, French (France), German, Italian, Portuguese (Brazil), Spanish;Chinese (Simplified), Czech, Dutch, English, French (France), German, Hungarian, Italian, Korean, Polish, Portuguese (Brazil), Spanish;;;;;
https://image.api.playstation.com/vulcan/ap/rnd/202307/1303/516d7e9970d6088592591fcf45d142aeb0ee6bbb2ac1ea8b.png;Heavenly Bodies - Cleanup DLC;EP8198-PPSA02575_00-0255445934367603;212;INR;Да;Deals;https://store.playstation.com/en-in/product/EP8198-PPSA02575_00-0255445934367603;This product entitles you to download both the digital PS4™ version and the digital PS5™ version of this game.<br><br>Set in and around a vast new space station across 7 days, the Cleanup DLC tasks you to deal with the aftermath of the catastrophic events that took place in Heavenly Bodies. <br><br>Equipped with an array of fancy new tools and devices, you’ll have to repair your debris-damaged station and dispose of hazardous scrap as you collect information to determine what went so wrong in the previous missions.<br><br>Features<br>_ Brand new, huge semi-open environment split across 7 days<br>_ New Piloted Manoeuvring Unit (PMU) vehicle<br>_ New tools and gadgets including magnetic attractors, radio scanners, drills and more<br>_ 4 New character skins<br>_ New gameplay mechanics and challenges<br>_ Approximately 3-5 hours of play time (comparable to the base game!)<br><br>If you already own the PS4™ version of this game, you can get the PS5™ digital version at no extra cost and you do not need to purchase this product. Owners of a PS4™ disc copy must insert it into the PS5™ every time they want to download or play the PS5™ digital version. PS4™ game disc owners who buy the PS5™ Digital Edition disc-free console will not be able to get the PS5™ version at no extra cost.;IARC 3+;PS4, PS5;26/7/2023;Team 17 Digital LTD;Adventure, Unique;4.65;;;624;;;;
https://image.api.playstation.com/vulcan/ap/rnd/202302/2316/4bfd3815c3ed85e38783d46c3a24fde13752f09b61c94705.png;Synapse;EP4114-PPSA12507_00-4397472491277281;1348;INR;Да;Deals;https://store.playstation.com/en-in/product/EP4114-PPSA12507_00-4397472491277281;A DEADLY STATE OF MIND<br><br>Dual-wield brutal firepower and surging telekinesis in the ultimate mind-breaking VR action shooter. Unleash your inner anti-hero and invade the twisted subconscious of a notorious enemy of the state.<br><br>From the award-winning team behind Fracked, Phantom: Covert Ops and Far Cry VR: Dive into Insanity comes the next generation of immersive VR action.<br><br>THE MIND IS A BATTLEFIELD<br>Become a mind-breaking operative and wreak havoc on the enemy’s mind with deadly weaponry in one hand and expressive telekinetic abilities in the other. Dual-wield and combine your powers to overcome formidable defences and delve deeper into a hostile mindscape. <br><br>ONLY POSSIBLE ON PS VR 2 <br>Enter a breath-taking surreal mindscape crafted for the PS VR2’s stunning 4K HDR display. Feel every moment of adrenaline-fuelled action through the PS VR2’s next gen Sense controllers, adaptive triggers, and headset feedback.<br><br>BECOME AN UNSTOPPABLE FORCE<br>Evolve and master your own combat style by combining increasingly sophisticated skills and abilities. Risk everything on a desperate, final mission into the darkest corners of a corrupted mind.<br><br>Visceral, fast-paced and visually explosive, Synapse is a never-before-seen experience created exclusively for PlayStation®VR2.;IARC 12+;PS5;3/7/2023;nDreams;Action;4.59;English;English, French (France), German, Italian, Japanese, Korean, Portuguese (Brazil), Spanish;2997;;;;
https://image.api.playstation.com/vulcan/ap/rnd/202210/3121/Xz6kd2CORZxe8JnfNJwvA35A.png;Need for Speed™ Heat;EP0006-CUSA15090_00-NEEDFORSPEED2020;399;INR;Да;Deals;https://store.playstation.com/en-in/product/EP0006-CUSA15090_00-NEEDFORSPEED2020;Hustle by day and risk it all at night in Need for Speed™ Heat, a thrilling race experience that pits you against a city’s rogue police force as you battle your way into street racing’s elite.;PEGI 16;PS4;7/11/2019;EA Swiss Sarl;Driving/Racing;4.18;English, French (France), German, Italian, Polish, Russian, Spanish;Arabic, English, French (France), German, Italian, Polish, Russian, Spanish;3999;;;;
https://image.api.playstation.com/vulcan/ap/rnd/202604/2218/fc8820f3fac783a3d1cf0d08ef96431b1f5a51bbfc282db3.png;Riders Republic™ PS4 & PS5;EP0001-PPSA01372_00-MADSTANDARTED000;699;INR;Да;Deals;https://store.playstation.com/en-in/product/EP0001-PPSA01372_00-MADSTANDARTED000;This product entitles you to download both the digital PS4™ version and the digital PS5™ version of this game.<br><br>Jump into the Riders Republic massive multiplayer playground! Grab your skis, snowboard, bike, or wingsuit and explore an open world sports paradise where the rules are yours to make—or break.<br><br>- Join over 20 players simultaneously in a massive multiplayer playground<br>- Compete in all-out mass races—collide, grind, and fight your way to the finish<br>- Customize your character to show off your style to your friends and competition <br>- Draw the attention of sponsors by participating in prestigious events<br>- Bike, ski, snowboard, or wingsuit in a variety of modes, from tricks challenges to fast-paced races<br>- Go wild on the heights of iconic US national parks like Yosemite, Zion, and Bryce Canyon<br><br>If you already own the PS4™ version of this game, you can get the PS5™ digital version at no extra cost and you do not need to purchase this product. Owners of a PS4™ disc copy must insert it into the PS5™ every time they want to download or play the PS5™ digital version. PS4™ game disc owners who buy the PS5™ Digital Edition disc-free console will not be able to get the PS5™ version at no extra cost.;PEGI 12;PS4, PS5;27/10/2021;Ubisoft;Sport;4.19;English, French (France), German;English, French (France), German, Italian, Polish, Portuguese (Brazil), Russian, Spanish;2799;;;;
https://image.api.playstation.com/vulcan/ap/rnd/202509/0412/4cb37ec29c82e366890e7613b20557f55e68fe140287fdfd.png;Asphalt Legends UNITE - Pro Pack S;EP2006-PPSA17296_00-ALUPROPACK00000S;4995;INR;Да;Deals;https://store.playstation.com/en-in/product/EP2006-PPSA17296_00-ALUPROPACK00000S;Boost your legendary career with these performance-driven supercars!<br><br>This pack includes:<br>- 40 W Motors Lykan HyperSport Blueprints<br>- 40 Ferrari FXX K Blueprints<br>- 60 Lamborghini Veneno Blueprints<br>- 5,000 Tokens*<br>- 6.5 million Credits**<br><br>*Tokens are an in-game currency that can be earned for free by completing challenges or pulling off impressive feats in the game. They can be used to obtain items from the shop, unlock cars, and more...<br> <br> **Credits are an in-game currency that can be earned for free by completing races. They can be used to obtain items from the shop, upgrade your vehicles, and more...;IARC 7+;;17/7/2024;Gameloft SE;Driving/Racing;;;;8325;;;;
https://image.api.playstation.com/vulcan/ap/rnd/202211/2510/VOSSvGjCpMF0uj9qQtmW6AnH.png;Need for Speed™ Payback;EP0006-CUSA05986_00-NFS1800000000001;299;INR;Да;Deals;https://store.playstation.com/en-in/product/EP0006-CUSA05986_00-NFS1800000000001;Need for Speed™, one of the world’s bestselling video game franchises, returns with a vengeance in the new action-driving blockbuster, Need for Speed Payback. <br><br><br>Set in the underworld of Fortune Valley, you and your crew were divided by betrayal and reunited by revenge to take down The House, a nefarious cartel that rules the city’s casinos, criminals and cops. In this corrupt gambler’s paradise, the stakes are high and The House always wins. Play a varied and challenging world of events as Tyler the Racer, Mac the Showman and Jess the Wheelman. Each driver must take on races, missions and challenges to earn the respect of the Valley’s underground and compete in the ultimate race to finally take down The House.;PEGI 12;PS4;9/11/2017;EA Swiss Sarl;Driving/Racing;4.02;English, French (France), German, Italian, Polish, Russian, Spanish;English, French (France), German, Italian, Polish, Russian, Spanish;1499;;;;
https://image.api.playstation.com/vulcan/ap/rnd/202508/2109/25422d8bda53b48e35f690b9d68590ab3f5eb4df8755c84f.png;REANIMAL;EP4389-PPSA23372_00-ANIMALGAMEGLOBAL;1999;INR;Да;Deals;https://store.playstation.com/en-in/product/EP4389-PPSA23372_00-ANIMALGAMEGLOBAL;WHAT IS REANIMAL?<br>The original creators of Little Nightmares™ & Little Nightmares™ II have returned to take you on a more terrifying journey than ever before. In this co-op horror adventure game, you play as a brother & sister who go through hell to rescue their missing friends. Exploring by boat and on land, you must use your wits to survive, work together to escape the hellish island, and the dark secret that haunts you. <br><br>HORROR WITH HOPE<br>In this unsettling tale, the emphasis is on tension and thick atmosphere, as you join the two orphans on a desperate search for hope and redemption in the direst of circumstances. <br><br>ACROSS A DARK AND TWISTED WORLD<br>Traverse an intriguing but terrifying world, where the main path is only one part of the fragmented story. Discover all sorts of mysterious locations on your perilous journey, each with its own story to tell. <br><br>A DREAD-FILLED ADVENTURE<br>Tarsier Studios is bringing their unique visual style to bear on a whole host of new twisted monsters and broken, yet resilient, child characters. Fragments of the children's troubled past have been used as inspiration for their character design, and for the monsters that now torment them. <br><br>SHARE THE SCARE<br>Nobody should be forced to go through hell alone! Fully playable in single player and local & online co-op, REANIMAL has a shared, directed camera, designed to maximise claustrophobia and tension.<br><br>FRIEND'S PASS<br>Download the Trial and play the entire game with your bestie FOR FREE! REANIMAL's Trial feature is your Friend's Pass. <br>As long as one of you owns the full game, you can share the scare together in both Online AND Couch Co-op! So grab someone you love, turn the lights down low, and go through hell together!;IARC 18+;PS5;13/2/2026;THQ NORDIC GMBH;Horror;4.3;Chinese, English, French (France), German, Japanese, Polish, Portuguese (Brazil), Russian, Spanish (Mexico);Arabic, Chinese (Simplified), Chinese (Traditional), Czech, English, French (France), German, Italian, Japanese, Korean, Polish, Portuguese (Brazil), Russian, Spanish, Spanish (Mexico);;;;;
https://image.api.playstation.com/vulcan/img/rnd/202109/2218/JelPN9rNJfDtoQJTwDsa0deG.png;Call of Duty®: Vanguard - Standard Edition;EP0002-CUSA29092_00-CODVSTANDARD0001;1599;INR;Да;Deals;https://store.playstation.com/en-in/product/EP0002-CUSA29092_00-CODVSTANDARD0001;Standard edition includes:<br><br>- Call of Duty®: Vanguard<br>-- Includes PS4™ version of game<br>-- Plays on PS5™ via backward compatibility<br>- Digital Exclusive - Frontline Weapons Pack<br><br>Rise on every front: Dogfight over the Pacific, airdrop over France, defend Stalingrad with a sniper’s precision and blast through advancing forces in North Africa. The Call of Duty® franchise returns with Call of Duty®: Vanguard, developed by Sledgehammer Games, where players will be immersed in visceral WWII combat on an unprecedented global scale. <br><br>Call of Duty®: Vanguard includes a deeply engaging single player Campaign, a massive Multiplayer offering featuring over 20 maps including 16 built for core Multiplayer and an exciting new Zombies experience developed by Treyarch.<br><br>Call of Duty®: Vanguard features cross-progression and cross-generation play, in addition to Multiplayer maps, modes and more.;IARC 18+;PS4;4/11/2021;Activision Blizzard Int'l BV;Shooter;4;English, French (France), German, Italian, Polish, Russian, Spanish;English, French (France), German, Italian, Polish, Russian, Spanish;3999;;;;
https://image.api.playstation.com/vulcan/ap/rnd/202307/3107/d60cbcb2b8c799ee94c7816d6cf16b96906328b13d3ad427.png;Copycat;EB0474-PPSA18346_00-0378150337949493;549;INR;Да;Deals;https://store.playstation.com/en-in/product/EB0474-PPSA18346_00-0378150337949493;Copycat is a narrative-driven indie game that’s perfect to cuddle up with on a rainy afternoon. It is an intimate, magical and hopeful Australian story that cherishes the human-pet bond in all its forms. The game's colourful visuals delight the senses while exploring dark emotional depths. _<br><br>We follow the tale of Dawn, a sceptical shelter cat who would much rather be in the wild than be readopted again. Dawn actually believes she is a wild cat. And plans on escaping as soon as she gets the chance.<br><br>Dawn has second thoughts when she meets new owner Olive, a lonely older Aussie mourning the disappearance of her beloved furry companion. Together Dawn and Olive develop an intimate friendship, as two broken hearts mend one another and learn to beat as one. __<br><br>Everything changes when Olive falls ill, and a stray copycat steals Dawn’s place in the home—forcing Dawn onto the streets.<br><br>Wander alleyways, fences and rooftops as you learn about the true meaning of home. The reflective pacing of the game allows you the opportunity to indulge in the emotions of love, loneliness and letting go as you progress throughout the story.<br><br>Copycat is fully voice acted, featuring hours of dialogue and a talented voice cast. Original music score by Daniel Bunting. Snuggle up with your kitty and wishlist Copycat today. _;IARC 12+;PS5;29/5/2025;Spoonful of Wonder Pty Ltd;Simulator, Adventure;4.37;English;Chinese (Simplified), English, French (France), German, Japanese, Korean, Polish, Portuguese (Brazil), Russian, Spanish (Mexico), Ukrainian;1099;;;;
https://image.api.playstation.com/vulcan/ap/rnd/202107/2708/WZhQmSMCGEJgLHhnikOcuMnu.png;Jurassic World Evolution 2;EP2377-PPSA03286_00-JWEVOLUTION2AAAA;874;INR;Да;Deals;https://store.playstation.com/en-in/product/EP2377-PPSA03286_00-JWEVOLUTION2AAAA;This product entitles you to download both the digital PS4™ version and the digital PS5™ version of this game.<br><br>Jurassic World Evolution 2 is the much-anticipated sequel to Frontier’s ground-breaking 2018 management simulation, Jurassic World Evolution, offering an all new narrative campaign voiced by cast members from across the Jurassic World film franchise, exciting new features, four engaging game modes, and an expanded roster of awe-inspiring dinosaurs. <br><br>An Original Jurassic World Story <br><br>Learn what it takes to be a park management master in Campaign mode, a compelling, original narrative that puts you at the heart of the action following the earth-shattering events of Jurassic World: Fallen Kingdom. Work alongside iconic characters from the films, including Dr. Ian Malcolm (voiced by Jeff Goldblum) and Claire Dearing (voiced by Bryce Dallas Howard), and lead the efforts to control, conserve, and contain wild dinosaurs now rampaging across the USA. <br><br>Create your own Jurassic World <br><br>Take control with deeper management tools and creative options. Construct a range of customisable new buildings and hire new Scientists, and shape your park to meet the needs of both your guests and dinosaurs. Unleash your creativity in Sandbox mode, or test your skills in Challenge mode as you deal with diverse locations and environmental calamities.<br><br>Play with Chaos Theory <br><br>Play through key moments of your favourite films - with a twist. Experience ‘what-if’ scenarios from iconic Jurassic World and Jurassic Park films, each level set across eras and locations from all five movies. Dive into the Jurassic World franchise and see how events unfold when you take control. <br><br>Discover Awe-Inspiring Dinosaurs<br><br>Over 75 different prehistoric species come to life in Jurassic World Evolution 2, including highly requested flying and marine reptiles. These animals feel more alive than ever as they preside over territory, fight for dominance, and react intelligently to the world around them. Use bioengineering to customise dinosaurs with bold new colours, and alter their genomes to unlock traits.<br><br>If you already own the PS4™ version of this game, you can get the PS5™ digital version at no extra cost and you do not need to purchase this product. Owners of a PS4™ disc copy must insert it into the PS5™ every time they want to download or play the PS5™ digital version. PS4™ game disc owners who buy the PS5™ Digital Edition disc-free console will not be able to get the PS5™ version at no extra cost.;IARC 16+;PS4, PS5;9/11/2021;FRONTIER DEVELOPMENTS PLC;Strategy, Simulation;4.41;;;3499;Chinese, English, French (France), German, Italian, Japanese, Portuguese (Brazil), Russian, Spanish, Spanish (Mexico);Chinese (Simplified), Chinese (Traditional), English, French (France), German, Italian, Japanese, Korean, Polish, Portuguese (Brazil), Russian, Spanish, Spanish (Mexico);English, French (France), German, Italian, Portuguese (Brazil), Russian, Spanish, Spanish (Mexico);Chinese (Simplified), Chinese (Traditional), English, French (France), German, Italian, Japanese, Korean, Polish, Portuguese (Brazil), Russian, Spanish, Spanish (Mexico)
https://image.api.playstation.com/vulcan/ap/rnd/202602/2723/350e9a8c6b99b7e168038baad7a08837a5843b3b93fbbe00.png;Trail Out – DLC – Moto Rush;JP6576-PPSA24855_00-0430118369904997;311;INR;Да;Deals;https://store.playstation.com/en-in/product/JP6576-PPSA24855_00-0430118369904997;Experience a new type of vehicle like motorcycles!<br>Great speeds, constant danger and the possibility of giving a kickback to your opponent with a bat, axe, frying pan or even a katana!<br><br>- New 5 motorcycles (JV500, Link i300, Fahrad XD, Yozora GT, Herrington)<br>- Cold weapon system, hit while opponents are moving<br>- 5 new character skins;IARC 16+;PS5;10/3/2026;Crytivo Inc;Driving/Racing;4.43;;;415;;;;
https://image.api.playstation.com/vulcan/ap/rnd/202208/1514/lpDtbot6Zg65odq6UNC2BuK7.png;Dead by Daylight: Resident Evil: PROJECT W Chapter;EP3367-PPSA02049_00-CHAPTERORION0000;698;INR;Да;Deals;https://store.playstation.com/en-in/product/EP3367-PPSA02049_00-CHAPTERORION0000;Dead by Daylight: Resident Evil: PROJECT W features a new Killer – Albert Wesker, The Mastermind – and new Survivors Ada Wong and Rebecca Chambers. Purchasing this add-on unlocks an exclusive charm: Green Vial. <br><br>To abide by the simple constraints of evolution is to limit true potential. A poor performance indeed. The Killer is Albert Wesker – The Mastermind– a visionary as brilliant as he is ruthless. Dead by Daylight: Resident Evil: PROJECT W also includes two new Survivors: Ada Wong and Rebecca Chambers. Dexterous and enigmatic, Ada’s survival skills make her a valuable ally, provided interests remain aligned. A S.T.A.R.S. Field Medic, Rebecca leads by example to assist those in need – even if it means facing grave danger.;IARC 18+;PS4, PS5;30/8/2022;Starbreeze Publishing AB;Horror, Horror;;;;998;;;;
https://image.api.playstation.com/vulcan/ap/rnd/202009/3021/oW8ShmeCKapjXbHxjHUlmqB1.png;The Evil Within;EP1003-CUSA00375_00-THEEVILWITHINROW;374;INR;Да;Deals;https://store.playstation.com/en-in/product/EP1003-CUSA00375_00-THEEVILWITHINROW;Developed by Shinji Mikami and the talented team at Tango Gameworks, The Evil Within embodies the meaning of pure survival horror. Highly-crafted environments, horrifying anxiety, and an intricate story are combined to create an immersive world that will bring you to the height of tension. With limited resources at your disposal, you’ll fight for survival and experience profound fear in this perfect blend of horror and action.;PEGI 18;PS4;16/12/2014;Bethesda;Horror, Action;4.39;English;English, Russian;1499;;;;
https://image.api.playstation.com/vulcan/img/rnd/202011/0914/tKcX6txadUwRf8YpMc3OIpCb.png;Metro Exodus - Expansion Pass;EP4062-PPSA01749_00-METROEXODUSEPGN9;312;INR;Да;Deals;https://store.playstation.com/en-in/product/EP4062-PPSA01749_00-METROEXODUSEPGN9;The Metro Exodus Expansion Pass contains two major pieces of story-driven DLC for the game, following brand new stories from the world of Metro: <br><br>The Two Colonels – Experience the journey of Colonel Khlebnikov during the last days of life in Novosibirsk, retraced by Colonel Miller a year later. Players can expect the classic story-driven gameplay of the Metro series in this new linear chapter, complete with a new weapon, the deadly flame-thrower. <br><br>Sam’s Story – Follow US Marine turned Spartan Ranger Sam as he leaves the Aurora in search of a way back home. Players will forge Sam's path through the remains of Vladivostok as they take a brand new journey across the wasteland of post-apocalyptic Russia.;PEGI 18;PS4, PS5;18/6/2021;Deep Silver;Shooter, Adventure, Action;;;;1248;;;;
https://image.api.playstation.com/cdn/EP1628/CUSA05760_00/OZ2SNmLyTghsCbSf8ZtcpKGmvV1kv1Fi.png;FAHRENHEIT;EP1628-CUSA05760_00-SLES535390000001;168;INR;Да;Deals;https://store.playstation.com/en-in/product/EP1628-CUSA05760_00-SLES535390000001;FAHRENHEIT is the first INTERACTIVE DRAMA created by the makers of HEAVY RAIN and BEYOND: TWO SOULS. <br>In this paranormal thriller, New York City is stunned by a series of mysterious murders that follow the same pattern: ordinary people become possessed and kill absolute strangers in public. Play both sides of this breathtaking murder conspiracy and uncover the supernatural forces behind these crimes.;PEGI 16;PS4;9/8/2016;QUANTIC DREAM SA;Action, Adventure, Adventure;;English, French (France), German, Italian, Spanish;English, French (France), German, Italian, Spanish;1123;;;;
https://image.api.playstation.com/vulcan/ap/rnd/202303/2821/fb5dd8719494094da311617e5ab0a3cb5241375cfe1f9483.png;1000 Neverwinter Zen;EP1965-CUSA05528_00-NWZ0100000000000;665;INR;Да;Deals;https://store.playstation.com/en-in/product/EP1965-CUSA05528_00-NWZ0100000000000;Zen is the name of the virtual currency used within Neverwinter. Zen can be used to purchase items not limited to but including cosmetic enhancements, accessories, in-game pets, mounts and much more!;PEGI 12;;14/7/2016;Arc Games;Role Playing Games, Role Playing Games, Role Playing Games;;;;832;;;;
https://image.api.playstation.com/vulcan/ap/rnd/202602/1210/6c83e55a8ae51edda97b7c76ddb981ce848f7fc36c356406.png;10 Casual Games Collection;EP2696-CUSA42709_00-0917085767663141;1602;INR;Да;Deals;https://store.playstation.com/en-in/product/EP2696-CUSA42709_00-0917085767663141;Welcome to a collection where relaxation, creativity, chaos, and pure silliness come together.<br><br>10 Casual Games Collection brings together ten fan-favorite experiences in one unpredictable bundle. Mine crystals on alien planets, battle rival sausages in chaotic arena fights, make waffles and ice creams before decorating them with sweet toppings, slice kinetic sand, bake pastries, dig for treasure, mix ingredients to create magical creatures, race as a sausage, light up neon shapes, and roll a vibrant ball through clever maze puzzles to paint every square and complete each challenge perfectly.<br><br>Whether you’re in the mood for satisfying ASMR, creative chill gameplay, or lighthearted co-op fun on one screen, this bundle has a game for every mood.<br><br>Included in this bundle:<br>• Astro Miner<br>• Sausage Wars<br>• Dessert DIY<br>• ASMR Slicing<br>• Baking Time<br>• Dig Deep<br>• Mystical Mixing<br>• Run Sausage Run!<br>• Light-It Up<br>• AMAZE!<br><br>Pick a game, press play, and enjoy a moment of pure, simple fun whenever you need it.;IARC 7+;PS4;27/2/2026;QUBICGAMES SP. Z O.O.;Party, Casual, Arcade;4.16;;Chinese (Simplified), Chinese (Traditional), English, French (France), German, Italian, Japanese, Korean, Portuguese (Brazil), Portuguese (Portugal), Russian, Spanish, Turkish;2913;;;;
https://image.api.playstation.com/vulcan/ap/rnd/202303/2821/e23e9a4a7b7008f454517b506467e4dec40f6b9312b7d555.png;11000 Neverwinter Zen;EP1965-CUSA05528_00-NWZ1100000000000;6660;INR;Да;Deals;https://store.playstation.com/en-in/product/EP1965-CUSA05528_00-NWZ1100000000000;Zen is the name of the virtual currency used within Neverwinter. Zen can be used to purchase items not limited to but including cosmetic enhancements, accessories, in-game pets, mounts and much more!;PEGI 16;;14/7/2016;Arc Games;Role Playing Games, Role Playing Games, Role Playing Games;;;;8325;;;;
https://image.api.playstation.com/vulcan/ap/rnd/202509/2419/63a8e3802c9a9c9ea0e679620b44dfad7eb5da89d7f87e6b.png;1-2-Exquisite Word Search!;EP5133-PPSA33006_00-12EXQUISITEWORDS;209;INR;Да;Deals;https://store.playstation.com/en-in/product/EP5133-PPSA33006_00-12EXQUISITEWORDS;"1-2-Exquisite Word Search is the fourth game in the 1-2-Word Search series. Building upon the previous entries this classic word search puzzle game returns with a brand new set of levels, themes, and music! Exquisite Word Search packs in all new hand crafted puzzles built on 3 different grid sizes. 7x7, 10x10, and 12x12 word search grids return. Choose your puzzle solving mood by changing the background theme set and switching up the music on the TreeFall Radio. Embark on a fun and relaxing journey solving word searches in 1-2-Exquisite Word Search! Fun new puzzles await the discerning eye.<br><br>-15 new hand crafted puzzles to solve!<br>-3 different grid sizes, 7x7, 10x10, and 12x12 word search grids.<br>-Hidden word challenges and time medal challenges return!<br>-More than 20 theme sets to choose from!<br>-Brand new music tracks from recent TreeFall releases added to the TreeFall Radio!";IARC 3+;PS4, PS5;13/10/2025;TreeFall Studios L.L.C.;Puzzle, Casual, Brain Training;4.37;;English;299;;;;
https://image.api.playstation.com/vulcan/ap/rnd/202504/1718/cde52eb32608b3984a54d71330e6e02f08d912914f8824ee.png;1-2-Fantastic Word Search!;EP5133-PPSA29701_00-FANTASTICSEARCH1;179;INR;Да;Deals;https://store.playstation.com/en-in/product/EP5133-PPSA29701_00-FANTASTICSEARCH1;1-2-Fantastic Word Search is the third game in the 1-2-Word Search! series. Building upon the previous entries this classic word search puzzle game returns with all new levels and features. Fantastic Word Search packs in all new hand crafted puzzles built on 3 different grid sizes. There are now 7x7, 10x10, and 12x12 word search grids for small, regular, and large levels. Choose your puzzle solving mood by changing the background theme set and switching up the music on the TreeFall Radio. Embark on a fun and relaxing journey solving word searches in 1-2-Fantastic Word Search!<br><br>-15 new hand crafted puzzles to solve!<br>-3 different grid sizes now included, 7x7, 10x10, and 12x12 word search grids.<br>-Hidden word challenges and time medal challenges return!<br>-4 brand new background theme sets plus all previous sets return.<br>-Even more new music tracks to unlock on the TreeFall Radio.;IARC 3+;PS4, PS5;27/4/2025;TreeFall Studios L.L.C.;Puzzle, Casual, Brain Training;4.18;;English;299;;;;
https://image.api.playstation.com/vulcan/ap/rnd/202007/0917/bIsL7LdWIVw9V46oHJ0PIwZv.png;13 Sentinels: Aegis Rim;EP0177-CUSA19620_00-BSTUBCUSA1962000;874;INR;Да;Deals;https://store.playstation.com/en-in/product/EP0177-CUSA19620_00-BSTUBCUSA1962000;Vanillaware, the storytellers behind Odin Sphere and Dragon’s Crown, craft a sci-fi mystery epic spanning thirteen intertwining stories in 13 Sentinels: Aegis Rim. With a Metacritic score of 86, 13 Sentinels has won the praise of critics all over the world.<br> <br>Uncover the truth and delve into a 2D sidescrolling adventure featuring gorgeous art and environments. Then, battle the kaiju in fast-paced, top-down combat. Customize the Sentinels with an arsenal of mechsuit weaponry, and fight to defend humanity!;PEGI 12;PS4;21/9/2020;SEGA EUROPE LTD;Adventure, Simulation, Unique;4.84;English, Japanese;English, French (France), German, Italian, Spanish;3499;;;;
https://image.api.playstation.com/cdn/EP1018/CUSA05459_00/BErWJATIkXLOzzDfpLzPTtzYfTnlp5v5.png;150,000 Source Crystals;EP1018-CUSA05459_00-PREMIUMCURRENCY4;832;INR;Да;Deals;https://store.playstation.com/en-in/product/EP1018-CUSA05459_00-PREMIUMCURRENCY4;Grants 100,000 Source Crystals plus 50,000 bonus Source Crystals. Source Crystals allow you to purchase cosmetic features for your fighters such as Premiere Character Skins, various Colour Shaders for character costumes, and more!;PEGI 16;;18/5/2017;WARNER BROS. INTERACTIVE;Fighting, Fighting;;;;4162;;;;
https://image.api.playstation.com/vulcan/ap/rnd/202412/1310/91892e33afff0747752206025c26454226ecf8c2ad5ce935.png;1917 - The Alien Invasion DX Remastered;EP5098-PPSA10875_00-0188506551186733;349;INR;Да;Deals;https://store.playstation.com/en-in/product/EP5098-PPSA10875_00-0188506551186733;"You are in the role of Dr. Brunhild Stahlm_ller, an acomplished weapon scientist who upgrades a WW1 triplane with superior alien technology to attack the invaders. You will avenge mankind and take the battle into the darkness of space until you reach an ancient alien world.<br><br><br>Features<br>- Fight from Verdun to the heart of the alien world!<br>- Majestic and extravagant pixel art inspired by the golden age of arcades.<br>- Accessible with a fair difficulty curve.<br>- Intense action and highly polished gameplay<br>- 8 stages with huge boss encounters.<br>- Bloodshed and gore.<br>- Psychedelic soundtrack.<br><br><br>Story<br><br>The year is 1917 - war engulfed the earth. Billions were slaughtered at the hands of unprecedented technology in the name of fanaticism. Yet all previous atrocities were as preambles to an even greater, unforeseeable catastrophe. When on the 15th of April, a host of aliens descended from war-torn skies and opened fire indiscriminately on soldier and civilian alike, the foundations of the world were shaken and mankind would face his darkest hour. <br><br>Against such a terrifying, overwhelming foe, the scrambling, exhausted nations of Earth had no choice but to put aside their old grudges and fight side by side if they wanted to avert total extinction – or worse. Still, courage and unity were not enough to match the sheer power of a species so advanced that the very cosmos proved no obstacle to them.<br><br>Meanwhile Dr. Brunhild Stahlm_ller, an accomplished scientist, worked tirelessly with her assistant, Harmuth Griesgram, on developing an experimental airplane codenamed the Red Beezlebub. Based not only on existing aeronautical technology but also on fragments of alien wrecks from the recent battlefields, this new invention is capable of prolonged atmospheric flight as well as deep, interstellar travel. <br><br>Finding no pilots left in any condition – bodily or mentally – to take the pilot seat, the brave doctor dons the helmet herself and takes the Red Beezlebub on her virgin flight; to the battlefields of Verdun. Her target: the Chessmaster, the new, self-crowned king of humanity. An usurper and abomination. Fueled by gasoline and hatred, her Valkyrie's flight will end either in blood-soaked victory or glorious death. <br><br>Little did she know that he himself is only a piece on the real player's board, and she is watching Brunhild's every move with greedy, leering eyes…";IARC 16+;PS5;28/2/2025;RED ART GAMES;Shooter;3.46;;English;699;;;;
https://image.api.playstation.com/vulcan/ap/rnd/202601/2903/9c74ea3cd76c6a5dad395959de93061684fb6add522f9184.png;1 CatLine PS4 & PS5;UP2005-PPSA35249_00-1CATLINEGAME0000;290;INR;Да;Deals;https://store.playstation.com/en-in/product/UP2005-PPSA35249_00-1CATLINEGAME0000;Welcome to 1 CatLine, a brainteasing precision platformer where you must guide a daring and adventurous heroine through single-screen challenges, with 50 unique levels spanning a variety of colorful pixel art biomes.<br><br>Run and leap through increasingly complex stages, freezing time and shifting perspectives to maneuver your cat friend around the environment to push crates, activate switches or create improvised platforms using its long furry body! Are you clever enough to clear all the challenges?<br><br>• Traverse increasingly complex platforming stages.<br>• Use your feline companion to form improvised platforms and push objects.<br>• Freeze time mid-air and maneuver your cat buddy to avoid pitfalls.<br>• Activate switches in the correct order to toggle barriers.<br>• Enjoy 50 levels of brainteasing retro goodness.<br><br>This product entitles you to download both the digital PS4® version and the digital PS5® version of this game.;IARC 3+;PS4, PS5;10/3/2026;eastasiasoft;Puzzle, Family, Action;4.25;;English;415;;;;
https://image.api.playstation.com/vulcan/ap/rnd/202303/2821/ad4b8fdb29b55ff3e02bdae1648c055710474eb61a6abf7d.png;2000 Neverwinter Zen;EP1965-CUSA05528_00-NWZ0200000000000;1331;INR;Да;Deals;https://store.playstation.com/en-in/product/EP1965-CUSA05528_00-NWZ0200000000000;Zen is the name of the virtual currency used within Neverwinter. Zen can be used to purchase items not limited to but including cosmetic enhancements, accessories, in-game pets, mounts and much more!;PEGI 16;;14/7/2016;Arc Games;Role Playing Games, Role Playing Games, Role Playing Games;;;;1664;;;;
